影片名称,评分,地区,类型,信息连接,图片连接
鬼子来了,9.2,大陆,喜剧,https://movie.douban.com/subject/1291858/,https://img3.doubanio.com/view/photo/s_ratio_poster/public/p1181775734.jpg
狐妖小红娘剧场版：王权富贵,9.2,大陆,喜剧,https://movie.douban.com/subject/26946612/,https://img3.doubanio.com/view/photo/s_ratio_poster/public/p2409467410.jpg
齐天乐,9.2,大陆,喜剧,https://movie.douban.com/subject/11498192/,https://img3.doubanio.com/view/photo/s_ratio_poster/public/p1625056904.jpg
花为媒,9.1,大陆,喜剧,https://movie.douban.com/subject/2357317/,https://img3.doubanio.com/view/photo/s_ratio_poster/public/p2173058450.jpg
一磅肉,9.1,大陆,喜剧,https://movie.douban.com/subject/3543679/,https://img3.doubanio.com/view/photo/s_ratio_poster/public/p2342489640.jpg
红娘,9.0,大陆,喜剧,https://movie.douban.com/subject/4728534/,https://img3.doubanio.com/view/photo/s_ratio_poster/public/p2223210236.jpg
如此爹娘,9.0,大陆,喜剧,https://movie.douban.com/subject/3032535/,https://img3.doubanio.com/view/photo/s_ratio_poster/public/p2323730451.jpg
小捣蛋,9.7,美国,喜剧,https://movie.douban.com/subject/4714058/,https://img3.doubanio.com/view/photo/s_ratio_poster/public/p2217061102.jpg
威尔和格蕾丝 告别秀,9.6,美国,喜剧,https://movie.douban.com/subject/2263259/,https://img1.doubanio.com/view/photo/s_ratio_poster/public/p2408281629.jpg
演员工作室：老爸老妈的浪漫史,9.5,美国,喜剧,https://movie.douban.com/subject/25855990/,https://img3.doubanio.com/view/photo/s_ratio_poster/public/p2176444996.jpg
Wattstax,9.6,美国,喜剧,https://movie.douban.com/subject/1975692/,https://img1.doubanio.com/view/photo/s_ratio_poster/public/p2374623518.jpg
绿日乐队：圣经上的子弹演唱会,9.5,美国,喜剧,https://movie.douban.com/subject/2052209/,https://img3.doubanio.com/view/photo/s_ratio_poster/public/p2510821205.jpg
怪诞小镇特别篇：松林之间,9.5,美国,喜剧,https://movie.douban.com/subject/26744258/,https://img3.doubanio.com/view/photo/s_ratio_poster/public/p2324315416.jpg
创造“哈利`波特”的世界：生物,9.5,美国,喜剧,https://movie.douban.com/subject/6721622/,https://img1.doubanio.com/view/photo/s_ratio_poster/public/p2425167528.jpg
跳出我天地音乐剧,9.4,美国,喜剧,https://movie.douban.com/subject/26264388/,https://img3.doubanio.com/view/photo/s_ratio_poster/public/p2215874393.jpg
杰夫・敦哈姆：星星之火让人抓狂,9.5,美国,喜剧,https://movie.douban.com/subject/2363526/,https://img1.doubanio.com/view/photo/s_ratio_poster/public/p1709619099.jpg
威尔和格蕾丝：后台通行证,9.5,美国,喜剧,https://movie.douban.com/subject/3231922/,https://img1.doubanio.com/lpic/s3279208.jpg
滑稽玩偶,9.5,美国,喜剧,https://movie.douban.com/subject/5096157/,https://img3.doubanio.com/view/photo/s_ratio_poster/public/p1528882872.jpg
Judah Friedlander: America is the Greatest Country in the United States,9.4,美国,喜剧,https://movie.douban.com/subject/27149822/,https://img1.doubanio.com/view/photo/s_ratio_poster/public/p2504460157.jpg
怀旧评论狂,9.4,美国,喜剧,https://movie.douban.com/subject/5153418/,https://img3.doubanio.com/view/photo/s_ratio_poster/public/p2352857712.jpg
哈利同人音乐剧第一部,9.6,美国,喜剧,https://movie.douban.com/subject/20388406/,https://img3.doubanio.com/view/photo/s_ratio_poster/public/p2191854174.jpg
阿甘正传,9.4,美国,喜剧,https://movie.douban.com/subject/1292720/,https://img1.doubanio.com/view/photo/s_ratio_poster/public/p510876377.jpg
福尔摩斯二世,9.4,美国,喜剧,https://movie.douban.com/subject/1303408/,https://img1.doubanio.com/view/photo/s_ratio_poster/public/p2206737207.jpg
吉米・鸡毛逊毙了！马达翻身当主持,9.4,美国,喜剧,https://movie.douban.com/subject/26721341/,https://img3.doubanio.com/view/photo/s_ratio_poster/public/p2315824435.jpg
拽妹黛薇儿要上大学了没,9.4,美国,喜剧,https://movie.douban.com/subject/2054458/,https://img3.doubanio.com/view/photo/s_ratio_poster/public/p2441936540.jpg
博弈论,9.4,美国,喜剧,https://movie.douban.com/subject/3272459/,https://img3.doubanio.com/view/photo/s_ratio_poster/public/p2254959230.jpg
拜访森林,9.4,美国,喜剧,https://movie.douban.com/subject/25741291/,https://img3.doubanio.com/view/photo/s_ratio_poster/public/p2155898916.jpg
克里斯洛克脱口秀,9.4,美国,喜剧,https://movie.douban.com/subject/2150624/,https://img3.doubanio.com/lpic/s2604291.jpg
聪明狗走天涯,9.4,美国,喜剧,https://movie.douban.com/subject/1297777/,https://img1.doubanio.com/lpic/s1788447.jpg
平方根：海绵宝宝的故事,9.3,美国,喜剧,https://movie.douban.com/subject/4001873/,https://img3.doubanio.com/lpic/s3956255.jpg
南方公园之梦想国度,9.3,美国,喜剧,https://movie.douban.com/subject/5179539/,https://img3.doubanio.com/lpic/s5293436.jpg
snorks,9.4,美国,喜剧,https://movie.douban.com/subject/1863428/,https://img3.doubanio.com/lpic/s1796635.jpg
30 Rock Kidney Now,9.4,美国,喜剧,https://movie.douban.com/subject/3868403/,https://img3.doubanio.com/lpic/s4044946.jpg
机器人总动员,9.3,美国,喜剧,https://movie.douban.com/subject/2131459/,https://img3.doubanio.com/view/photo/s_ratio_poster/public/p449665982.jpg
浪漫小夜曲,9.3,美国,喜剧,https://movie.douban.com/subject/1937462/,https://img1.doubanio.com/view/photo/s_ratio_poster/public/p2458595709.jpg
甜美的老鼠生活,9.3,美国,喜剧,https://movie.douban.com/subject/1937461/,https://img3.doubanio.com/view/photo/s_ratio_poster/public/p1068583516.jpg
周六夜现场：贾斯汀・丁伯莱克/Lady Gaga,9.3,美国,喜剧,https://movie.douban.com/subject/6132713/,https://img1.doubanio.com/view/photo/s_ratio_poster/public/p1027139099.jpg
The Work of Director Michel Gondry,9.3,美国,喜剧,https://movie.douban.com/subject/1400646/,https://img1.doubanio.com/view/photo/s_ratio_poster/public/p1348801388.jpg
绅士流浪汉,9.3,美国,喜剧,https://movie.douban.com/subject/4088692/,https://img1.doubanio.com/view/photo/s_ratio_poster/public/p2177308567.jpg
老鼠在曼哈顿,9.3,美国,喜剧,https://movie.douban.com/subject/2155209/,https://img1.doubanio.com/view/photo/s_ratio_poster/public/p2458339319.jpg
乔治 卡林：王者归来,9.3,美国,喜剧,https://movie.douban.com/subject/3054636/,https://img3.doubanio.com/view/photo/s_ratio_poster/public/p2508661214.jpg
室内溜冰场,9.3,美国,喜剧,https://movie.douban.com/subject/5262256/,https://img3.doubanio.com/lpic/s8912836.jpg
周六夜现场,9.3,美国,喜剧,https://movie.douban.com/subject/6713364/,https://img3.doubanio.com/view/photo/s_ratio_poster/public/p1835772460.jpg
黑或白,9.3,美国,喜剧,https://movie.douban.com/subject/3266982/,https://img3.doubanio.com/view/photo/s_ratio_poster/public/p2502492576.jpg
"Russell Peters: Two Concerts, One Ticket",9.3,美国,喜剧,https://movie.douban.com/subject/6087827/,https://img1.doubanio.com/lpic/s4699657.jpg
辛普森一家：颁奖季,9.3,美国,喜剧,https://movie.douban.com/subject/6008882/,https://img1.doubanio.com/view/photo/s_ratio_poster/public/p2497035958.jpg
查理布朗男孩,9.3,美国,喜剧,https://movie.douban.com/subject/1295406/,https://img1.doubanio.com/view/photo/s_ratio_poster/public/p577559527.jpg
伙伴们,9.3,美国,喜剧,https://movie.douban.com/subject/6524294/,https://img3.doubanio.com/lpic/s6620364.jpg
土豆工厂,9.4,美国,喜剧,https://movie.douban.com/subject/1793083/,https://img3.doubanio.com/view/photo/s_ratio_poster/public/p2233036824.jpg
Rocky Horror Tribute Show,9.3,美国,喜剧,https://movie.douban.com/subject/3539046/,https://img3.doubanio.com/lpic/s3598686.jpg
疯狂动物城,9.2,美国,喜剧,https://movie.douban.com/subject/25662329/,https://img1.doubanio.com/view/photo/s_ratio_poster/public/p2315672647.jpg
摩登时代,9.2,美国,喜剧,https://movie.douban.com/subject/1294371/,https://img3.doubanio.com/view/photo/s_ratio_poster/public/p2173707976.jpg
城市之光,9.2,美国,喜剧,https://movie.douban.com/subject/1293908/,https://img3.doubanio.com/view/photo/s_ratio_poster/public/p2099815842.jpg
生活多美好,9.2,美国,喜剧,https://movie.douban.com/subject/1293749/,https://img1.doubanio.com/view/photo/s_ratio_poster/public/p771490367.jpg
你逃我也逃,9.2,美国,喜剧,https://movie.douban.com/subject/1303418/,https://img3.doubanio.com/view/photo/s_ratio_poster/public/p1339915772.jpg
欢乐树的朋友们：赶尽杀绝,9.2,美国,喜剧,https://movie.douban.com/subject/3075070/,https://img3.doubanio.com/lpic/s1806732.jpg
欢乐树的朋友们：第二发球,9.2,美国,喜剧,https://movie.douban.com/subject/1393471/,https://img3.doubanio.com/view/photo/s_ratio_poster/public/p2162261726.jpg
欢乐树的朋友们：第三击,9.2,美国,喜剧,https://movie.douban.com/subject/1393472/,https://img3.doubanio.com/lpic/s1806711.jpg
欢乐树的朋友们：寒假,9.2,美国,喜剧,https://movie.douban.com/subject/1872077/,https://img3.doubanio.com/lpic/s1806745.jpg
汤姆的能量,9.2,美国,喜剧,https://movie.douban.com/subject/1937464/,https://img1.doubanio.com/lpic/s8354299.jpg
拉塞尔・皮特斯：红白褐,9.2,美国,喜剧,https://movie.douban.com/subject/3578890/,https://img3.doubanio.com/view/photo/s_ratio_poster/public/p2320299004.jpg
拽妹黛薇儿之暑假要结束了没,9.2,美国,喜剧,https://movie.douban.com/subject/2054560/,https://img1.doubanio.com/view/photo/s_ratio_poster/public/p2383100558.jpg
周六夜现场,9.2,美国,喜剧,https://movie.douban.com/subject/4706591/,https://img3.doubanio.com/view/photo/s_ratio_poster/public/p2362999490.jpg
周六夜现场,9.2,美国,喜剧,https://movie.douban.com/subject/2346297/,https://img3.doubanio.com/view/photo/s_ratio_poster/public/p836398212.jpg
乔治・卡林：你们都有病,9.2,美国,喜剧,https://movie.douban.com/subject/4199429/,https://img3.doubanio.com/view/photo/s_ratio_poster/public/p2508661126.jpg
周六夜现场,9.2,美国,喜剧,https://movie.douban.com/subject/6727006/,https://img3.doubanio.com/view/photo/s_ratio_poster/public/p1866167902.jpg
辛普森一家之恐怖树屋第十九部,9.2,美国,喜剧,https://movie.douban.com/subject/3289641/,https://img3.doubanio.com/lpic/s3351970.jpg
迪斯尼彭彭丁满欢乐大餐,9.2,美国,喜剧,https://movie.douban.com/subject/2074343/,https://img3.doubanio.com/lpic/s6888773.jpg
乔治・卡林：人生因失而值,9.2,美国,喜剧,https://movie.douban.com/subject/3095617/,https://img3.doubanio.com/view/photo/s_ratio_poster/public/p2165125235.jpg
猫之布鲁斯,9.2,美国,喜剧,https://movie.douban.com/subject/2191393/,https://img3.doubanio.com/lpic/s8938696.jpg
猫儿上天堂,9.2,美国,喜剧,https://movie.douban.com/subject/5262224/,https://img3.doubanio.com/lpic/s8514370.jpg
圣诞前夜,9.2,美国,喜剧,https://movie.douban.com/subject/3120785/,https://img3.doubanio.com/view/photo/s_ratio_poster/public/p2456684073.jpg
乔治・卡林：挤在纽约,9.2,美国,喜剧,https://movie.douban.com/subject/3706177/,https://img3.doubanio.com/view/photo/s_ratio_poster/public/p2508661554.jpg
好莱坞碗演奏会,9.1,美国,喜剧,https://movie.douban.com/subject/2144680/,https://img3.doubanio.com/view/photo/s_ratio_poster/public/p2437612871.jpg
冷气礼堂的喧哗: 比尔・奥雷利 vs. 逅就,9.2,美国,喜剧,https://movie.douban.com/subject/19961485/,https://img1.doubanio.com/view/photo/s_ratio_poster/public/p1717230188.jpg
Jeff Dunham 跟自己吵架,9.2,美国,喜剧,https://movie.douban.com/subject/2363540/,https://img3.doubanio.com/view/photo/s_ratio_poster/public/p1709607935.jpg
史努比的惊险夏令营,9.2,美国,喜剧,https://movie.douban.com/subject/2139403/,https://img1.doubanio.com/view/photo/s_ratio_poster/public/p1979604578.jpg
难舍难分,9.2,美国,喜剧,https://movie.douban.com/subject/3840029/,https://img3.doubanio.com/view/photo/s_ratio_poster/public/p2206663461.jpg
楚门的世界,9.1,美国,喜剧,https://movie.douban.com/subject/1292064/,https://img3.doubanio.com/view/photo/s_ratio_poster/public/p479682972.jpg
触不可及,9.1,美国,喜剧,https://movie.douban.com/subject/6786002/,https://img3.doubanio.com/view/photo/s_ratio_poster/public/p1454261925.jpg
两杆大烟枪,9.1,美国,喜剧,https://movie.douban.com/subject/1293350/,https://img1.doubanio.com/view/photo/s_ratio_poster/public/p792443418.jpg
寻梦环游记,9.0,美国,喜剧,https://movie.douban.com/subject/20495023/,https://img1.doubanio.com/view/photo/s_ratio_poster/public/p2503997609.jpg
暴力云与送子鹳,9.1,美国,喜剧,https://movie.douban.com/subject/3734350/,https://img3.doubanio.com/view/photo/s_ratio_poster/public/p449756673.jpg
寻子遇仙记,9.1,美国,喜剧,https://movie.douban.com/subject/1293270/,https://img1.doubanio.com/view/photo/s_ratio_poster/public/p2332976198.jpg
马戏团,9.1,美国,喜剧,https://movie.douban.com/subject/1299628/,https://img3.doubanio.com/view/photo/s_ratio_poster/public/p2248445275.jpg
欢乐树的朋友们,9.1,美国,喜剧,https://movie.douban.com/subject/4181031/,https://img3.doubanio.com/view/photo/s_ratio_poster/public/p1269191733.jpg
乔治・卡林：这对你不好,9.1,美国,喜剧,https://movie.douban.com/subject/3001399/,https://img1.doubanio.com/view/photo/s_ratio_poster/public/p2509392958.jpg
老鼠罐头工厂,9.1,美国,喜剧,https://movie.douban.com/subject/1826853/,https://img3.doubanio.com/lpic/s8354291.jpg
欢乐树的朋友们：滑雪巡逻救生队,9.1,美国,喜剧,https://movie.douban.com/subject/3075092/,https://img3.doubanio.com/lpic/s3622650.jpg
双人高尔夫,9.1,美国,喜剧,https://movie.douban.com/subject/1937451/,https://img3.doubanio.com/view/photo/s_ratio_poster/public/p2458339224.jpg
猫钓鱼,9.1,美国,喜剧,https://movie.douban.com/subject/1937466/,https://img1.doubanio.com/view/photo/s_ratio_poster/public/p2458595717.jpg
父子野餐,9.1,美国,喜剧,https://movie.douban.com/subject/1826855/,https://img3.doubanio.com/lpic/s8354516.jpg
周六夜现场,9.1,美国,喜剧,https://movie.douban.com/subject/21361552/,https://img3.doubanio.com/view/photo/s_ratio_poster/public/p1894383482.jpg
人人都爱雷蒙德: 最后的笑声,9.1,美国,喜剧,https://movie.douban.com/subject/3290527/,https://img3.doubanio.com/lpic/s3353335.jpg
周六夜现场：40周年特别庆典,9.1,美国,喜剧,https://movie.douban.com/subject/26320764/,https://img3.doubanio.com/view/photo/s_ratio_poster/public/p2227937905.jpg
辛普森一家之万圣节专辑之恐怖树屋,9.1,美国,喜剧,https://movie.douban.com/subject/2296049/,https://img3.doubanio.com/lpic/s2753652.jpg
无所畏惧,9.1,美国,喜剧,https://movie.douban.com/subject/2173593/,https://img3.doubanio.com/view/photo/s_ratio_poster/public/p2322720201.jpg
人鼠之间,9.1,美国,喜剧,https://movie.douban.com/subject/26431592/,https://img3.doubanio.com/view/photo/s_ratio_poster/public/p2252276881.jpg
淘金岁月,9.1,美国,喜剧,https://movie.douban.com/subject/1928887/,https://img3.doubanio.com/view/photo/s_ratio_poster/public/p2357505174.jpg
辛普森一家之恐怖树屋第十七部,9.1,美国,喜剧,https://movie.douban.com/subject/2157194/,https://img1.doubanio.com/lpic/s2614747.jpg
飞行猫,9.1,美国,喜剧,https://movie.douban.com/subject/2137156/,https://img1.doubanio.com/view/photo/s_ratio_poster/public/p2458595828.jpg
加菲猫的侦探故事,9.1,美国,喜剧,https://movie.douban.com/subject/3211959/,https://img3.doubanio.com/view/photo/s_ratio_poster/public/p868064563.jpg
网球白痴,9.1,美国,喜剧,https://movie.douban.com/subject/2137548/,https://img3.doubanio.com/view/photo/s_ratio_poster/public/p2494212990.jpg
德鲁大叔,9.2,美国,喜剧,https://movie.douban.com/subject/26665408/,https://img3.doubanio.com/view/photo/s_ratio_poster/public/p2401288743.jpg
爆竹风波,9.1,美国,喜剧,https://movie.douban.com/subject/2137554/,https://img1.doubanio.com/view/photo/s_ratio_poster/public/p2494213107.jpg
两个小印第安,9.1,美国,喜剧,https://movie.douban.com/subject/5262247/,https://img3.doubanio.com/lpic/s4467782.jpg
马克吐温美国幽默奖：蒂娜・菲,9.1,美国,喜剧,https://movie.douban.com/subject/5367928/,https://img1.doubanio.com/lpic/s4541828.jpg
捕鼠陷阱,9.1,美国,喜剧,https://movie.douban.com/subject/2137177/,https://img3.doubanio.com/view/photo/s_ratio_poster/public/p2458596041.jpg
休战的伤害,9.1,美国,喜剧,https://movie.douban.com/subject/5290009/,https://img1.doubanio.com/view/photo/s_ratio_poster/public/p2464858879.jpg
宠物之争,9.1,美国,喜剧,https://movie.douban.com/subject/5262258/,https://img3.doubanio.com/lpic/s8459243.jpg
本尼・希尔搞笑表演集锦,9.1,美国,喜剧,https://movie.douban.com/subject/1494928/,https://img3.doubanio.com/view/photo/s_ratio_poster/public/p2327819375.jpg
Matthew Gray Gubler: The Unauthorized Documentary,9.1,美国,喜剧,https://movie.douban.com/subject/3830052/,https://img3.doubanio.com/view/photo/s_ratio_poster/public/p2194290495.jpg
周六夜现场:   艾米・波勒精选集,9.1,美国,喜剧,https://movie.douban.com/subject/3703336/,https://img3.doubanio.com/lpic/s4073912.jpg
一路L，查理布朗,9.1,美国,喜剧,https://movie.douban.com/subject/1296181/,https://img1.doubanio.com/view/photo/s_ratio_poster/public/p2206513238.jpg
阿福世界,9.1,美国,喜剧,https://movie.douban.com/subject/4603384/,https://img1.doubanio.com/lpic/s4214847.jpg
A Colbert Christmas: The Greatest Gift of All!,9.1,美国,喜剧,https://movie.douban.com/subject/3312796/,https://img3.doubanio.com/lpic/s3376726.jpg
光荣的日子,9.1,美国,喜剧,https://movie.douban.com/subject/3724036/,https://img3.doubanio.com/view/photo/s_ratio_poster/public/p1112469352.jpg
飞越疯人院,9.0,美国,喜剧,https://movie.douban.com/subject/1292224/,https://img1.doubanio.com/view/photo/s_ratio_poster/public/p792238287.jpg
电焊工波力,9.0,美国,喜剧,https://movie.douban.com/subject/3338821/,https://img3.doubanio.com/view/photo/s_ratio_poster/public/p1202712652.jpg
宇宙快递,9.0,美国,喜剧,https://movie.douban.com/subject/25884822/,https://img3.doubanio.com/view/photo/s_ratio_poster/public/p2229847445.jpg
宠物,9.0,美国,喜剧,https://movie.douban.com/subject/25750820/,https://img3.doubanio.com/view/photo/s_ratio_poster/public/p2195528326.jpg
淘金记,9.0,美国,喜剧,https://movie.douban.com/subject/1298817/,https://img3.doubanio.com/view/photo/s_ratio_poster/public/p1581774481.jpg
欢乐树的朋友们：第一滴血,9.0,美国,喜剧,https://movie.douban.com/subject/1393470/,https://img1.doubanio.com/lpic/s1806727.jpg
将军号,9.0,美国,喜剧,https://movie.douban.com/subject/1292778/,https://img3.doubanio.com/view/photo/s_ratio_poster/public/p2248676081.jpg
猫的协奏曲,9.0,美国,喜剧,https://movie.douban.com/subject/1295833/,https://img3.doubanio.com/view/photo/s_ratio_poster/public/p2458595750.jpg
小孤儿,9.0,美国,喜剧,https://movie.douban.com/subject/1296573/,https://img3.doubanio.com/lpic/s8432261.jpg
欢乐树的朋友们：鼹鼠进城,9.0,美国,喜剧,https://movie.douban.com/subject/1872083/,https://img1.doubanio.com/lpic/s1806738.jpg
稻草人,9.0,美国,喜剧,https://movie.douban.com/subject/1867778/,https://img1.doubanio.com/view/photo/s_ratio_poster/public/p2503556327.jpg
辛普森一家：家庭治疗,9.0,美国,喜剧,https://movie.douban.com/subject/1850674/,https://img3.doubanio.com/lpic/s1742552.jpg
拉塞尔・皮特斯：幽默无国界,9.0,美国,喜剧,https://movie.douban.com/subject/4186797/,https://img3.doubanio.com/view/photo/s_ratio_poster/public/p2320297416.jpg
周六夜现场,9.0,美国,喜剧,https://movie.douban.com/subject/24521861/,https://img1.doubanio.com/view/photo/s_ratio_poster/public/p2456874717.jpg
周六夜现场,9.0,美国,喜剧,https://movie.douban.com/subject/25775524/,https://img3.doubanio.com/view/photo/s_ratio_poster/public/p2164369882.jpg
周六夜现场,9.0,美国,喜剧,https://movie.douban.com/subject/10742710/,https://img1.doubanio.com/view/photo/s_ratio_poster/public/p1571258197.jpg
老鼠打扫记,9.0,美国,喜剧,https://movie.douban.com/subject/2155204/,https://img3.doubanio.com/lpic/s8514360.jpg
保镖,9.0,美国,喜剧,https://movie.douban.com/subject/5262213/,https://img3.doubanio.com/view/photo/s_ratio_poster/public/p2456687514.jpg
隐形墨水,9.0,美国,喜剧,https://movie.douban.com/subject/5262222/,https://img3.doubanio.com/lpic/s4467736.jpg
杰瑞的表兄,9.0,美国,喜剧,https://movie.douban.com/subject/3113288/,https://img1.doubanio.com/lpic/s8354088.jpg
杰瑞和狮子,9.0,美国,喜剧,https://movie.douban.com/subject/2137538/,https://img3.doubanio.com/view/photo/s_ratio_poster/public/p2458595794.jpg
机器鸡DC漫画特辑3：魔幻基友,9.0,美国,喜剧,https://movie.douban.com/subject/26644606/,https://img3.doubanio.com/view/photo/s_ratio_poster/public/p2312933024.jpg
寂寞的老鼠,9.0,美国,喜剧,https://movie.douban.com/subject/2137169/,https://img3.doubanio.com/view/photo/s_ratio_poster/public/p2456686820.jpg
麻烦的诞生,9.0,美国,喜剧,https://movie.douban.com/subject/3113128/,https://img1.doubanio.com/lpic/s8514368.jpg
周末夜之猫,9.0,美国,喜剧,https://movie.douban.com/subject/2144684/,https://img3.doubanio.com/view/photo/s_ratio_poster/public/p2506716493.jpg
强力乳液,9.0,美国,喜剧,https://movie.douban.com/subject/3110686/,https://img3.doubanio.com/view/photo/s_ratio_poster/public/p2456686900.jpg
蝙蝠侠同人音乐剧,8.9,美国,喜剧,https://movie.douban.com/subject/10604551/,https://img3.doubanio.com/view/photo/s_ratio_poster/public/p1520323343.jpg
午睡纠纷,9.0,美国,喜剧,https://movie.douban.com/subject/2137158/,https://img3.doubanio.com/lpic/s4466624.jpg
杰瑞与小象,9.0,美国,喜剧,https://movie.douban.com/subject/5262244/,https://img3.doubanio.com/lpic/s4467781.jpg
周六夜现场,9.0,美国,喜剧,https://movie.douban.com/subject/5973957/,https://img1.doubanio.com/view/photo/s_ratio_poster/public/p1764557799.jpg
皇帝的睡眠,9.0,美国,喜剧,https://movie.douban.com/subject/2138399/,https://img3.doubanio.com/lpic/s4466643.jpg
Russell Peters: Show Me the Funny,9.0,美国,喜剧,https://movie.douban.com/subject/5380957/,https://img3.doubanio.com/lpic/s4551740.jpg
偷懒的猫,9.0,美国,喜剧,https://movie.douban.com/subject/1463981/,https://img1.doubanio.com/lpic/s4466619.jpg
有恩必报,9.0,美国,喜剧,https://movie.douban.com/subject/5262239/,https://img1.doubanio.com/view/photo/s_ratio_poster/public/p2494213667.jpg
彩虹,9.0,美国,喜剧,https://movie.douban.com/subject/1971485/,https://img3.doubanio.com/view/photo/s_ratio_poster/public/p503390374.jpg
小雪人喜欢我,9.1,美国,喜剧,https://movie.douban.com/subject/5262207/,https://img3.doubanio.com/lpic/s4467821.jpg
胆小的猫咪,9.0,美国,喜剧,https://movie.douban.com/subject/5290016/,https://img1.doubanio.com/lpic/s8938699.jpg
金色池塘,9.0,美国,喜剧,https://movie.douban.com/subject/5135239/,https://img3.doubanio.com/view/photo/s_ratio_poster/public/p2507466255.jpg
杰夫・敦哈姆:混乱特工,9.0,美国,喜剧,https://movie.douban.com/subject/6866452/,https://img3.doubanio.com/view/photo/s_ratio_poster/public/p1709614060.jpg
Gabriel Iglesias: I'm Not Fat... I'm Fluffy,9.0,美国,喜剧,https://movie.douban.com/subject/5244254/,https://img3.doubanio.com/lpic/s4455546.jpg
"小顽童,小捣蛋",9.0,美国,喜剧,https://movie.douban.com/subject/1302676/,https://img3.doubanio.com/lpic/s3239194.jpg
Taylor Swift: Shake It Off,8.9,美国,喜剧,https://movie.douban.com/subject/26780143/,https://img3.doubanio.com/view/photo/s_ratio_poster/public/p2390236503.jpg
比尔・马厄：我是瑞士人,9.0,美国,喜剧,https://movie.douban.com/subject/3657136/,https://img3.doubanio.com/lpic/s3716715.jpg
哈利波特同人音乐剧 第二部,9.0,美国,喜剧,https://movie.douban.com/subject/6958656/,https://img1.doubanio.com/view/photo/s_ratio_poster/public/p2229750548.jpg
如此美好的一天(短片),9.0,美国,喜剧,https://movie.douban.com/subject/10598713/,https://img3.doubanio.com/view/photo/s_ratio_poster/public/p2395484381.jpg
Eddie Izzard: Dress to Kill,9.0,美国,喜剧,https://movie.douban.com/subject/1866427/,https://img3.doubanio.com/view/photo/s_ratio_poster/public/p2180891675.jpg
周六夜现场: 吉米・法伦精选集,9.0,美国,喜剧,https://movie.douban.com/subject/2070339/,https://img3.doubanio.com/view/photo/s_ratio_poster/public/p1363544362.jpg
Bill Burr: Why Do I Do This?,9.0,美国,喜剧,https://movie.douban.com/subject/3623770/,https://img3.doubanio.com/lpic/s3686833.jpg
R2-D2 Beneath The Dome,9.0,美国,喜剧,https://movie.douban.com/subject/3176843/,https://img3.doubanio.com/view/photo/s_ratio_poster/public/p1609214584.jpg
拉里・戴维：消消气,9.1,美国,喜剧,https://movie.douban.com/subject/4893726/,https://img3.doubanio.com/view/photo/s_ratio_poster/public/p2500849806.jpg
拾下拾下,9.6,香港,喜剧,https://movie.douban.com/subject/26801795/,https://img3.doubanio.com/view/photo/s_ratio_poster/public/p2359001422.jpg
秋前算账,9.6,香港,喜剧,https://movie.douban.com/subject/26801794/,https://img3.doubanio.com/view/photo/s_ratio_poster/public/p2358999062.jpg
越大镬越快乐,9.5,香港,喜剧,https://movie.douban.com/subject/25810998/,https://img3.doubanio.com/view/photo/s_ratio_poster/public/p2365168701.jpg
哗众取宠,9.5,香港,喜剧,https://movie.douban.com/subject/26791663/,https://img3.doubanio.com/view/photo/s_ratio_poster/public/p2351203974.jpg
黄子华栋笃笑之犹坑,9.6,香港,喜剧,https://movie.douban.com/subject/26794221/,https://img1.doubanio.com/view/photo/s_ratio_poster/public/p2352295709.jpg
娱乐圈血肉史,9.3,香港,喜剧,https://movie.douban.com/subject/25786046/,https://img3.doubanio.com/view/photo/s_ratio_poster/public/p2210682395.jpg
娱乐圈血肉史2,9.4,香港,喜剧,https://movie.douban.com/subject/26348796/,https://img1.doubanio.com/view/photo/s_ratio_poster/public/p2239371338.jpg
S子A栋笃笑之色情家庭,9.4,香港,喜剧,https://movie.douban.com/subject/26796663/,https://img1.doubanio.com/view/photo/s_ratio_poster/public/p2353716227.jpg
跟住去边度,9.3,香港,喜剧,https://movie.douban.com/subject/26767519/,https://img3.doubanio.com/view/photo/s_ratio_poster/public/p2329970542.jpg
S子AV笑之末世神,9.3,香港,喜剧,https://movie.douban.com/subject/26797718/,https://img1.doubanio.com/view/photo/s_ratio_poster/public/p2378106307.jpg
大话西游之大圣娶亲,9.2,香港,喜剧,https://movie.douban.com/subject/1292213/,https://img3.doubanio.com/view/photo/s_ratio_poster/public/p2455050536.jpg
黄子华栋笃笑之洗燥,9.1,香港,喜剧,https://movie.douban.com/subject/26582661/,https://img3.doubanio.com/view/photo/s_ratio_poster/public/p2425882934.jpg
一磅肉,9.1,香港,喜剧,https://movie.douban.com/subject/3543679/,https://img3.doubanio.com/view/photo/s_ratio_poster/public/p2342489640.jpg
Me and My Girl,9.6,日本,喜剧,https://movie.douban.com/subject/11577118/,https://img3.doubanio.com/view/photo/s_ratio_poster/public/p2510934952.jpg
银魂：白夜叉降诞预告,9.5,日本,喜剧,https://movie.douban.com/subject/4236817/,https://img1.doubanio.com/view/photo/s_ratio_poster/public/p2214620528.jpg
校园疯神榜！2015,9.5,日本,喜剧,https://movie.douban.com/subject/26657143/,https://img3.doubanio.com/view/photo/s_ratio_poster/public/p2280411490.jpg
银魂完结篇：直到永远的万事屋,9.3,日本,喜剧,https://movie.douban.com/subject/11615927/,https://img3.doubanio.com/view/photo/s_ratio_poster/public/p2258024316.jpg
虎与龙SP,9.2,日本,喜剧,https://movie.douban.com/subject/3118848/,https://img3.doubanio.com/view/photo/s_ratio_poster/public/p809505182.jpg
最完美的离婚 2014特别篇,9.1,日本,喜剧,https://movie.douban.com/subject/25790749/,https://img1.doubanio.com/view/photo/s_ratio_poster/public/p2186872257.jpg
银魂剧场版：新译红樱篇,9.1,日本,喜剧,https://movie.douban.com/subject/4122194/,https://img3.doubanio.com/view/photo/s_ratio_poster/public/p612363092.jpg
蜡笔小新之呼风唤雨！大人帝国的反击,9.1,日本,喜剧,https://movie.douban.com/subject/1958667/,https://img3.doubanio.com/view/photo/s_ratio_poster/public/p2327107485.jpg
倒数第二次恋爱 2012秋SP,9.1,日本,喜剧,https://movie.douban.com/subject/19955789/,https://img3.doubanio.com/view/photo/s_ratio_poster/public/p1998695160.jpg
日本之形,9.1,日本,喜剧,https://movie.douban.com/subject/2085511/,https://img3.doubanio.com/view/photo/s_ratio_poster/public/p2253859656.jpg
24小时不准笑：热血教师24小时,9.1,日本,喜剧,https://movie.douban.com/subject/26685361/,https://img3.doubanio.com/view/photo/s_ratio_poster/public/p2304326774.jpg
红鱼,9.0,日本,喜剧,https://movie.douban.com/subject/26266892/,https://img3.doubanio.com/view/photo/s_ratio_poster/public/p2315734512.jpg
凉宫春日的消失,9.0,日本,喜剧,https://movie.douban.com/subject/4074292/,https://img3.doubanio.com/view/photo/s_ratio_poster/public/p2246432125.jpg
召唤恶魔阿萨谢尔OAD：泣牛篇,9.0,日本,喜剧,https://movie.douban.com/subject/4287119/,https://img3.doubanio.com/view/photo/s_ratio_poster/public/p2509351725.jpg
召唤恶魔阿萨谢尔OAD：赛亚篇,9.0,日本,喜剧,https://movie.douban.com/subject/4858779/,https://img3.doubanio.com/view/photo/s_ratio_poster/public/p2509351631.jpg
召唤恶魔阿萨谢尔OAD：路西法篇,9.0,日本,喜剧,https://movie.douban.com/subject/10767534/,https://img3.doubanio.com/view/photo/s_ratio_poster/public/p2509350226.jpg
木更津猫眼 世界系列,9.0,日本,喜剧,https://movie.douban.com/subject/1793394/,https://img3.doubanio.com/view/photo/s_ratio_poster/public/p764157116.jpg
草莓棉花糖 OVA 3卷,9.0,日本,喜剧,https://movie.douban.com/subject/2224447/,https://img1.doubanio.com/view/photo/s_ratio_poster/public/p2508803808.jpg
草莓棉花糖 OVA 2卷,9.0,日本,喜剧,https://movie.douban.com/subject/2224446/,https://img3.doubanio.com/view/photo/s_ratio_poster/public/p2508803736.jpg
起司猫OAD,9.0,日本,喜剧,https://movie.douban.com/subject/5401535/,https://img3.doubanio.com/view/photo/s_ratio_poster/public/p837241950.jpg
阿滋漫画大王 短篇电影,9.0,日本,喜剧,https://movie.douban.com/subject/2239631/,https://img1.doubanio.com/view/photo/s_ratio_poster/public/p2508807008.jpg
8UPPERS FEATURE MUSIC FILM,9.1,日本,喜剧,https://movie.douban.com/subject/6839118/,https://img1.doubanio.com/view/photo/s_ratio_poster/public/p1210671627.jpg
寅次郎的故事15：鸳鸯伞,9.0,日本,喜剧,https://movie.douban.com/subject/1416702/,https://img3.doubanio.com/view/photo/s_ratio_poster/public/p2333007611.jpg
浮浪云,9.0,日本,喜剧,https://movie.douban.com/subject/5913049/,https://img3.doubanio.com/view/photo/s_ratio_poster/public/p1861863995.jpg
出租车,9.5,韩国,喜剧,https://movie.douban.com/subject/26994877/,https://img3.doubanio.com/view/photo/s_ratio_poster/public/p2445935214.jpg
出租车司机冒险记,9.2,韩国,喜剧,https://movie.douban.com/subject/4705150/,https://img3.doubanio.com/view/photo/s_ratio_poster/public/p2502580762.jpg
宇宙快递,9.0,韩国,喜剧,https://movie.douban.com/subject/25884822/,https://img3.doubanio.com/view/photo/s_ratio_poster/public/p2229847445.jpg
The League Of Gentlemen Live At Drury Lane,9.7,英国,喜剧,https://movie.douban.com/subject/20277079/,https://img3.doubanio.com/view/photo/s_ratio_poster/public/p2309939835.jpg
Journey of the Childmen: The Mighty Boosh on Tour,9.7,英国,喜剧,https://movie.douban.com/subject/3088560/,https://img3.doubanio.com/view/photo/s_ratio_poster/public/p1774351785.jpg
Comedy Connections-Yes Minister,9.7,英国,喜剧,https://movie.douban.com/subject/3541903/,https://img3.doubanio.com/view/photo/s_ratio_poster/public/p2196015190.jpg
Blackadder Exclusive: The Whole Rotten Saga,9.7,英国,喜剧,https://movie.douban.com/subject/3302953/,https://img3.doubanio.com/view/photo/s_ratio_poster/public/p1750245645.jpg
憨豆先生精选辑,9.6,英国,喜剧,https://movie.douban.com/subject/5133063/,https://img3.doubanio.com/view/photo/s_ratio_poster/public/p2354179225.jpg
最高档 极地特辑,9.6,英国,喜剧,https://movie.douban.com/subject/10573342/,https://img3.doubanio.com/view/photo/s_ratio_poster/public/p1509902065.jpg
凯特秀：喜剧插曲之神秘博士特别篇,9.6,英国,喜剧,https://movie.douban.com/subject/25824839/,https://img3.doubanio.com/view/photo/s_ratio_poster/public/p2190387924.jpg
绅士联盟舞台剧,9.5,英国,喜剧,https://movie.douban.com/subject/20491284/,https://img3.doubanio.com/view/photo/s_ratio_poster/public/p2235065102.jpg
The Mighty Boosh Live: Future Sailors Tour,9.6,英国,喜剧,https://movie.douban.com/subject/4160462/,https://img3.doubanio.com/view/photo/s_ratio_poster/public/p1774348456.jpg
跳到最后,9.6,英国,喜剧,https://movie.douban.com/subject/3838208/,https://img3.doubanio.com/view/photo/s_ratio_poster/public/p2379644743.jpg
Aim Low:The Best of Dylan Moran,9.6,英国,喜剧,https://movie.douban.com/subject/5913043/,https://img1.doubanio.com/lpic/s4596109.jpg
新闻问答,9.6,英国,喜剧,https://movie.douban.com/subject/2270182/,https://img3.doubanio.com/lpic/s2727625.jpg
法国小馆儿归来,9.6,英国,喜剧,https://movie.douban.com/subject/5194566/,https://img1.doubanio.com/lpic/s4493287.jpg
绿日乐队：圣经上的子弹演唱会,9.5,英国,喜剧,https://movie.douban.com/subject/2052209/,https://img3.doubanio.com/view/photo/s_ratio_poster/public/p2510821205.jpg
创造“哈利`波特”的世界：生物,9.5,英国,喜剧,https://movie.douban.com/subject/6721622/,https://img1.doubanio.com/view/photo/s_ratio_poster/public/p2425167528.jpg
五位(还嫌少)博士重启,9.5,英国,喜剧,https://movie.douban.com/subject/25777719/,https://img1.doubanio.com/view/photo/s_ratio_poster/public/p2160377148.jpg
跳出我天地音乐剧,9.4,英国,喜剧,https://movie.douban.com/subject/26264388/,https://img3.doubanio.com/view/photo/s_ratio_poster/public/p2215874393.jpg
文艺趣向,9.5,英国,喜剧,https://movie.douban.com/subject/26637592/,https://img3.doubanio.com/view/photo/s_ratio_poster/public/p2325812941.jpg
Jam,9.5,英国,喜剧,https://movie.douban.com/subject/2077558/,https://img3.doubanio.com/lpic/s2401735.jpg
IT狂人说明书,9.4,英国,喜剧,https://movie.douban.com/subject/25800237/,https://img3.doubanio.com/view/photo/s_ratio_poster/public/p2164513614.jpg
西蒙・阿姆斯特尔：顺其自然,9.4,英国,喜剧,https://movie.douban.com/subject/6309377/,https://img3.doubanio.com/view/photo/s_ratio_poster/public/p2184490255.jpg
西蒙・阿姆斯特尔：麻木,9.4,英国,喜剧,https://movie.douban.com/subject/24333957/,https://img1.doubanio.com/view/photo/s_ratio_poster/public/p1950952327.jpg
一点双人秀：十五年后重聚首,9.4,英国,喜剧,https://movie.douban.com/subject/5402497/,https://img3.doubanio.com/view/photo/s_ratio_poster/public/p971159124.jpg
博弈论,9.4,英国,喜剧,https://movie.douban.com/subject/3272459/,https://img3.doubanio.com/view/photo/s_ratio_poster/public/p2254959230.jpg
神奇动物管理员之红鼻子日秀,9.3,英国,喜剧,https://movie.douban.com/subject/1957936/,https://img3.doubanio.com/view/photo/s_ratio_poster/public/p1028523315.jpg
一点双人秀(试播集),9.4,英国,喜剧,https://movie.douban.com/subject/24153305/,https://img3.doubanio.com/view/photo/s_ratio_poster/public/p2179016244.jpg
The Big Fat Quiz of the Year: 2006,9.4,英国,喜剧,https://movie.douban.com/subject/5199020/,https://img1.doubanio.com/view/photo/s_ratio_poster/public/p794124549.jpg
Bill Bailey's Remarkable Guide to the Orchestra,9.4,英国,喜剧,https://movie.douban.com/subject/4252758/,https://img3.doubanio.com/view/photo/s_ratio_poster/public/p2158970172.jpg
snorks,9.4,英国,喜剧,https://movie.douban.com/subject/1863428/,https://img3.doubanio.com/lpic/s1796635.jpg
Frankie Boyle: Live,9.4,英国,喜剧,https://movie.douban.com/subject/5176730/,https://img1.doubanio.com/view/photo/s_ratio_poster/public/p1759759269.jpg
极品基老伴：完结篇,9.3,英国,喜剧,https://movie.douban.com/subject/26700818/,https://img3.doubanio.com/view/photo/s_ratio_poster/public/p2360539785.jpg
凡人与超人,9.3,英国,喜剧,https://movie.douban.com/subject/26637930/,https://img3.doubanio.com/view/photo/s_ratio_poster/public/p2342687224.jpg
Dylan Moran: Off the Hook,9.3,英国,喜剧,https://movie.douban.com/subject/26691373/,https://img1.doubanio.com/view/photo/s_ratio_poster/public/p2384088429.jpg
绿翼：圣诞特别篇,9.3,英国,喜剧,https://movie.douban.com/subject/10535616/,https://img1.doubanio.com/view/photo/s_ratio_poster/public/p2173751587.jpg
幕后危机(特别版),9.3,英国,喜剧,https://movie.douban.com/subject/10573682/,https://img1.doubanio.com/view/photo/s_ratio_poster/public/p2212335757.jpg
Rowan Atkinson Live,9.3,英国,喜剧,https://movie.douban.com/subject/1826765/,https://img1.doubanio.com/view/photo/s_ratio_poster/public/p1946989807.jpg
无事生非 (2011年伦敦Wyndham剧院版),9.3,英国,喜剧,https://movie.douban.com/subject/26763132/,https://img1.doubanio.com/view/photo/s_ratio_poster/public/p2328040727.jpg
土豆工厂,9.4,英国,喜剧,https://movie.douban.com/subject/1793083/,https://img3.doubanio.com/view/photo/s_ratio_poster/public/p2233036824.jpg
IT狂人特别篇,9.2,英国,喜剧,https://movie.douban.com/subject/20453087/,https://img3.doubanio.com/view/photo/s_ratio_poster/public/p2183667933.jpg
极品基老伴：2013圣诞特辑,9.2,英国,喜剧,https://movie.douban.com/subject/25758898/,https://img3.doubanio.com/view/photo/s_ratio_poster/public/p2187166976.jpg
神秘博士：时间冲撞,9.2,英国,喜剧,https://movie.douban.com/subject/4188543/,https://img3.doubanio.com/view/photo/s_ratio_poster/public/p523688466.jpg
"Dylan Moran: Yeah, Yeah",9.2,英国,喜剧,https://movie.douban.com/subject/6790958/,https://img3.doubanio.com/view/photo/s_ratio_poster/public/p2509392905.jpg
帝企鹅宝宝的生命轮回之旅,9.3,英国,喜剧,https://movie.douban.com/subject/26265962/,https://img1.doubanio.com/view/photo/s_ratio_poster/public/p2315157917.jpg
迪伦・莫兰脱口秀,9.2,英国,喜剧,https://movie.douban.com/subject/4850732/,https://img3.doubanio.com/view/photo/s_ratio_poster/public/p2238117095.jpg
Monster,9.2,英国,喜剧,https://movie.douban.com/subject/1957933/,https://img3.doubanio.com/view/photo/s_ratio_poster/public/p2263825453.jpg
呼叫助产士：2012圣诞特别篇,9.2,英国,喜剧,https://movie.douban.com/subject/20494747/,https://img3.doubanio.com/view/photo/s_ratio_poster/public/p2174965075.jpg
卓别林秘史,9.2,英国,喜剧,https://movie.douban.com/subject/3008293/,https://img3.doubanio.com/view/photo/s_ratio_poster/public/p1144946713.jpg
The Friday Night Project,9.2,英国,喜剧,https://movie.douban.com/subject/2080553/,https://img3.doubanio.com/view/photo/s_ratio_poster/public/p2511730744.jpg
2007红鼻子日慈善专场大表演,9.2,英国,喜剧,https://movie.douban.com/subject/2124854/,https://img3.doubanio.com/view/photo/s_ratio_poster/public/p2185869236.jpg
黑爵士再启程,9.2,英国,喜剧,https://movie.douban.com/subject/3987344/,https://img3.doubanio.com/view/photo/s_ratio_poster/public/p1760687204.jpg
BBC喜剧音乐晚会,9.2,英国,喜剧,https://movie.douban.com/subject/10590735/,https://img3.doubanio.com/view/photo/s_ratio_poster/public/p2505928863.jpg
大胖考10周年,9.2,英国,喜剧,https://movie.douban.com/subject/26296014/,https://img3.doubanio.com/view/photo/s_ratio_poster/public/p2220561444.jpg
皆大欢喜,9.2,英国,喜剧,https://movie.douban.com/subject/25795905/,https://img3.doubanio.com/view/photo/s_ratio_poster/public/p2163632711.jpg
两杆大烟枪,9.1,英国,喜剧,https://movie.douban.com/subject/1293350/,https://img1.doubanio.com/view/photo/s_ratio_poster/public/p792443418.jpg
喜之所有,9.1,英国,喜剧,https://movie.douban.com/subject/3140108/,https://img3.doubanio.com/view/photo/s_ratio_poster/public/p1257546382.jpg
人鼠之间,9.1,英国,喜剧,https://movie.douban.com/subject/26431592/,https://img3.doubanio.com/view/photo/s_ratio_poster/public/p2252276881.jpg
绅士联盟 圣诞特辑,9.2,英国,喜剧,https://movie.douban.com/subject/20277075/,https://img3.doubanio.com/view/photo/s_ratio_poster/public/p2508625981.jpg
大自然里的奇怪动物,9.1,英国,喜剧,https://movie.douban.com/subject/25879104/,https://img3.doubanio.com/view/photo/s_ratio_poster/public/p2184080090.jpg
临时演员圣诞特辑,9.2,英国,喜剧,https://movie.douban.com/subject/2377036/,https://img3.doubanio.com/lpic/s3914200.jpg
出租车司机冒险记,9.2,英国,喜剧,https://movie.douban.com/subject/4705150/,https://img3.doubanio.com/view/photo/s_ratio_poster/public/p2502580762.jpg
剑桥脚灯社时事讽刺剧,9.1,英国,喜剧,https://movie.douban.com/subject/2222759/,https://img3.doubanio.com/view/photo/s_ratio_poster/public/p2172583894.jpg
本尼・希尔搞笑表演集锦,9.1,英国,喜剧,https://movie.douban.com/subject/1494928/,https://img3.doubanio.com/view/photo/s_ratio_poster/public/p2327819375.jpg
Ricky Gervais Live: Animals,9.0,英国,喜剧,https://movie.douban.com/subject/2162796/,https://img3.doubanio.com/lpic/s2621513.jpg
光荣的日子,9.1,英国,喜剧,https://movie.douban.com/subject/3724036/,https://img3.doubanio.com/view/photo/s_ratio_poster/public/p1112469352.jpg
欢乐树的朋友们：第一滴血,9.0,英国,喜剧,https://movie.douban.com/subject/1393470/,https://img1.doubanio.com/lpic/s1806727.jpg
流浪者之歌,9.0,英国,喜剧,https://movie.douban.com/subject/1303525/,https://img3.doubanio.com/view/photo/s_ratio_poster/public/p2267333084.jpg
小不列颠：现场版,9.0,英国,喜剧,https://movie.douban.com/subject/1957937/,https://img1.doubanio.com/lpic/s2752947.jpg
阿曼动画之超级无敌掌门狗系列2,9.0,英国,喜剧,https://movie.douban.com/subject/1305745/,https://img3.doubanio.com/view/photo/s_ratio_poster/public/p2220140456.jpg
彩虹,9.0,英国,喜剧,https://movie.douban.com/subject/1971485/,https://img3.doubanio.com/view/photo/s_ratio_poster/public/p503390374.jpg
呼叫助产士：2014圣诞特别篇,9.0,英国,喜剧,https://movie.douban.com/subject/25986298/,https://img1.doubanio.com/view/photo/s_ratio_poster/public/p2259011769.jpg
Tim Minchin: So Live,9.0,英国,喜剧,https://movie.douban.com/subject/3893420/,https://img3.doubanio.com/view/photo/s_ratio_poster/public/p2509370314.jpg
莫扎特 歌剧《唐・乔万尼》（唐璜）,9.1,英国,喜剧,https://movie.douban.com/subject/1877242/,https://img3.doubanio.com/lpic/s1812251.jpg
哈利波特同人音乐剧 第二部,9.0,英国,喜剧,https://movie.douban.com/subject/6958656/,https://img1.doubanio.com/view/photo/s_ratio_poster/public/p2229750548.jpg
布朗夫人的儿子们：2015圣诞特别篇,9.0,英国,喜剧,https://movie.douban.com/subject/26698398/,https://img3.doubanio.com/view/photo/s_ratio_poster/public/p2310452506.jpg
The Beatles in Help!,9.0,英国,喜剧,https://movie.douban.com/subject/4298311/,https://img3.doubanio.com/view/photo/s_ratio_poster/public/p1818031312.jpg
Eddie Izzard: Dress to Kill,9.0,英国,喜剧,https://movie.douban.com/subject/1866427/,https://img3.doubanio.com/view/photo/s_ratio_poster/public/p2180891675.jpg
Comic Relief 2009,9.0,英国,喜剧,https://movie.douban.com/subject/3726959/,https://img3.doubanio.com/view/photo/s_ratio_poster/public/p2247857861.jpg
Jimmy Carr: Being Funny,9.0,英国,喜剧,https://movie.douban.com/subject/7003108/,https://img3.doubanio.com/view/photo/s_ratio_poster/public/p2461355834.jpg
l'autre c'est moi,9.6,法国,喜剧,https://movie.douban.com/subject/2382278/,https://img3.doubanio.com/lpic/s4695480.jpg
Papa est en haut,9.6,法国,喜剧,https://movie.douban.com/subject/3993697/,https://img3.doubanio.com/lpic/s3950012.jpg
The Work of Director Michel Gondry,9.3,法国,喜剧,https://movie.douban.com/subject/1400646/,https://img1.doubanio.com/view/photo/s_ratio_poster/public/p1348801388.jpg
土豆工厂,9.4,法国,喜剧,https://movie.douban.com/subject/1793083/,https://img3.doubanio.com/view/photo/s_ratio_poster/public/p2233036824.jpg
大胖考10周年,9.2,法国,喜剧,https://movie.douban.com/subject/26296014/,https://img3.doubanio.com/view/photo/s_ratio_poster/public/p2220561444.jpg
触不可及,9.1,法国,喜剧,https://movie.douban.com/subject/6786002/,https://img3.doubanio.com/view/photo/s_ratio_poster/public/p1454261925.jpg
雇佣人生,9.1,法国,喜剧,https://movie.douban.com/subject/3823425/,https://img3.doubanio.com/view/photo/s_ratio_poster/public/p2027109343.jpg
地下,9.1,法国,喜剧,https://movie.douban.com/subject/1292206/,https://img3.doubanio.com/view/photo/s_ratio_poster/public/p1833776334.jpg
阿德尔曼夫妇,9.0,法国,喜剧,https://movie.douban.com/subject/26951692/,https://img3.doubanio.com/view/photo/s_ratio_poster/public/p2417978591.jpg
阿福世界,9.1,法国,喜剧,https://movie.douban.com/subject/4603384/,https://img1.doubanio.com/lpic/s4214847.jpg
光荣的日子,9.1,法国,喜剧,https://movie.douban.com/subject/3724036/,https://img3.doubanio.com/view/photo/s_ratio_poster/public/p1112469352.jpg
冠军理发师,9.1,法国,喜剧,https://movie.douban.com/subject/5115829/,https://img1.doubanio.com/view/photo/s_ratio_poster/public/p1001238848.jpg
宝琳和宝莱特,9.0,法国,喜剧,https://movie.douban.com/subject/1756409/,https://img3.doubanio.com/lpic/s1627894.jpg
金球,9.0,法国,喜剧,https://movie.douban.com/subject/3134269/,https://img1.doubanio.com/view/photo/s_ratio_poster/public/p2251344879.jpg
"加油,法国队!",9.0,法国,喜剧,https://movie.douban.com/subject/3700124/,https://img3.doubanio.com/lpic/s3754010.jpg
我是海尔姆特,9.4,德国,喜剧,https://movie.douban.com/subject/5360245/,https://img3.doubanio.com/lpic/s4533690.jpg
塞维利亚的理发师,9.2,德国,喜剧,https://movie.douban.com/subject/1772046/,https://img3.doubanio.com/lpic/s1643193.jpg
地下,9.1,德国,喜剧,https://movie.douban.com/subject/1292206/,https://img3.doubanio.com/view/photo/s_ratio_poster/public/p1833776334.jpg
费加罗的婚礼,9.1,德国,喜剧,https://movie.douban.com/subject/1797500/,https://img1.doubanio.com/view/photo/s_ratio_poster/public/p2272483089.jpg
美丽人生,9.5,意大利,喜剧,https://movie.douban.com/subject/1292063/,https://img3.doubanio.com/view/photo/s_ratio_poster/public/p510861873.jpg
塞维利亚的理发师,9.2,意大利,喜剧,https://movie.douban.com/subject/1772046/,https://img3.doubanio.com/lpic/s1643193.jpg
费加罗的婚礼,9.1,意大利,喜剧,https://movie.douban.com/subject/1797500/,https://img1.doubanio.com/view/photo/s_ratio_poster/public/p2272483089.jpg
流浪者之歌,9.0,意大利,喜剧,https://movie.douban.com/subject/1303525/,https://img3.doubanio.com/view/photo/s_ratio_poster/public/p2267333084.jpg
莫扎特 歌剧《唐・乔万尼》（唐璜）,9.1,意大利,喜剧,https://movie.douban.com/subject/1877242/,https://img3.doubanio.com/lpic/s1812251.jpg
Abhilasha,9.7,印度,喜剧,https://movie.douban.com/subject/3278106/,https://img3.doubanio.com/lpic/s3338625.jpg
三傻大闹宝莱坞,9.1,印度,喜剧,https://movie.douban.com/subject/3793023/,https://img3.doubanio.com/view/photo/s_ratio_poster/public/p579729551.jpg
摔跤吧！爸爸,9.1,印度,喜剧,https://movie.douban.com/subject/26387939/,https://img3.doubanio.com/view/photo/s_ratio_poster/public/p2457983084.jpg
唐吉柯德,9.4,俄罗斯,喜剧,https://movie.douban.com/subject/3838100/,https://img3.doubanio.com/lpic/s3874775.jpg
娜斯佳和她的父亲们,9.0,俄罗斯,喜剧,https://movie.douban.com/subject/4040438/,https://img3.doubanio.com/view/photo/s_ratio_poster/public/p2190397911.jpg
"Russell Peters: Two Concerts, One Ticket",9.3,加拿大,喜剧,https://movie.douban.com/subject/6087827/,https://img1.doubanio.com/lpic/s4699657.jpg
Rocky Horror Tribute Show,9.3,加拿大,喜剧,https://movie.douban.com/subject/3539046/,https://img3.doubanio.com/lpic/s3598686.jpg
拉塞尔・皮特斯：红白褐,9.2,加拿大,喜剧,https://movie.douban.com/subject/3578890/,https://img3.doubanio.com/view/photo/s_ratio_poster/public/p2320299004.jpg
拉塞尔・皮特斯：幽默无国界,9.0,加拿大,喜剧,https://movie.douban.com/subject/4186797/,https://img3.doubanio.com/view/photo/s_ratio_poster/public/p2320297416.jpg
Russell Peters: Show Me the Funny,9.0,加拿大,喜剧,https://movie.douban.com/subject/5380957/,https://img3.doubanio.com/lpic/s4551740.jpg
彩虹,9.0,加拿大,喜剧,https://movie.douban.com/subject/1971485/,https://img3.doubanio.com/view/photo/s_ratio_poster/public/p503390374.jpg
土豆工厂,9.4,澳大利亚,喜剧,https://movie.douban.com/subject/1793083/,https://img3.doubanio.com/view/photo/s_ratio_poster/public/p2233036824.jpg
迪伦・莫兰脱口秀,9.2,澳大利亚,喜剧,https://movie.douban.com/subject/4850732/,https://img3.doubanio.com/view/photo/s_ratio_poster/public/p2238117095.jpg
Tim Minchin: So Live,9.0,澳大利亚,喜剧,https://movie.douban.com/subject/3893420/,https://img3.doubanio.com/view/photo/s_ratio_poster/public/p2509370314.jpg
Aim Low:The Best of Dylan Moran,9.6,爱尔兰,喜剧,https://movie.douban.com/subject/5913043/,https://img1.doubanio.com/lpic/s4596109.jpg
Dylan Moran: Off the Hook,9.3,爱尔兰,喜剧,https://movie.douban.com/subject/26691373/,https://img1.doubanio.com/view/photo/s_ratio_poster/public/p2384088429.jpg
"Dylan Moran: Yeah, Yeah",9.2,爱尔兰,喜剧,https://movie.douban.com/subject/6790958/,https://img3.doubanio.com/view/photo/s_ratio_poster/public/p2509392905.jpg
迪伦・莫兰脱口秀,9.2,爱尔兰,喜剧,https://movie.douban.com/subject/4850732/,https://img3.doubanio.com/view/photo/s_ratio_poster/public/p2238117095.jpg
Monster,9.2,爱尔兰,喜剧,https://movie.douban.com/subject/1957933/,https://img3.doubanio.com/view/photo/s_ratio_poster/public/p2263825453.jpg
喜之所有,9.1,爱尔兰,喜剧,https://movie.douban.com/subject/3140108/,https://img3.doubanio.com/view/photo/s_ratio_poster/public/p1257546382.jpg
布朗夫人的儿子们：2015圣诞特别篇,9.0,爱尔兰,喜剧,https://movie.douban.com/subject/26698398/,https://img3.doubanio.com/view/photo/s_ratio_poster/public/p2310452506.jpg
克拉姆一家,9.0,丹麦,喜剧,https://movie.douban.com/subject/1769053/,https://img3.doubanio.com/view/photo/s_ratio_poster/public/p2511779823.jpg
克拉姆一家2,9.0,丹麦,喜剧,https://movie.douban.com/subject/1775004/,https://img3.doubanio.com/view/photo/s_ratio_poster/public/p2174525566.jpg
岁城璃心-鬼蜮咒原,9.0,大陆,动作,https://movie.douban.com/subject/26298852/,https://img3.doubanio.com/view/photo/s_ratio_poster/public/p2243669803.jpg
魔法门之英雄无敌3：死亡阴影,9.4,美国,动作,https://movie.douban.com/subject/4935231/,https://img3.doubanio.com/lpic/s4432480.jpg
疑犯追踪 试播集,9.4,美国,动作,https://movie.douban.com/subject/24700683/,https://img1.doubanio.com/view/photo/s_ratio_poster/public/p1974739828.jpg
盗梦空间,9.3,美国,动作,https://movie.douban.com/subject/3541415/,https://img3.doubanio.com/view/photo/s_ratio_poster/public/p513344864.jpg
UFC一百场最伟大的比赛,9.3,美国,动作,https://movie.douban.com/subject/4169014/,https://img1.doubanio.com/lpic/s4077247.jpg
黑或白,9.3,美国,动作,https://movie.douban.com/subject/3266982/,https://img3.doubanio.com/view/photo/s_ratio_poster/public/p2502492576.jpg
守望先锋：荣耀,9.2,美国,动作,https://movie.douban.com/subject/27191474/,https://img3.doubanio.com/view/photo/s_ratio_poster/public/p2507062050.jpg
疯狂动物城,9.2,美国,动作,https://movie.douban.com/subject/25662329/,https://img1.doubanio.com/view/photo/s_ratio_poster/public/p2315672647.jpg
教父,9.2,美国,动作,https://movie.douban.com/subject/1291841/,https://img3.doubanio.com/view/photo/s_ratio_poster/public/p2190556185.jpg
守望先锋：双龙,9.3,美国,动作,https://movie.douban.com/subject/26860017/,https://img3.doubanio.com/view/photo/s_ratio_poster/public/p2417863546.jpg
王的哲♂学摔跤,9.2,美国,动作,https://movie.douban.com/subject/2245557/,https://img3.doubanio.com/view/photo/s_ratio_poster/public/p2180258143.jpg
天旋地转,9.2,美国,动作,https://movie.douban.com/subject/5150857/,https://img1.doubanio.com/view/photo/s_ratio_poster/public/p1656099587.jpg
指环王3：王者无敌,9.1,美国,动作,https://movie.douban.com/subject/1291552/,https://img3.doubanio.com/view/photo/s_ratio_poster/public/p1910825503.jpg
两杆大烟枪,9.1,美国,动作,https://movie.douban.com/subject/1293350/,https://img1.doubanio.com/view/photo/s_ratio_poster/public/p792443418.jpg
教父2,9.1,美国,动作,https://movie.douban.com/subject/1299131/,https://img1.doubanio.com/view/photo/s_ratio_poster/public/p2194138787.jpg
黄金三镖客,9.1,美国,动作,https://movie.douban.com/subject/1401118/,https://img1.doubanio.com/view/photo/s_ratio_poster/public/p2101693489.jpg
攀登梅鲁峰,9.1,美国,动作,https://movie.douban.com/subject/26276373/,https://img3.doubanio.com/view/photo/s_ratio_poster/public/p2286660380.jpg
德鲁大叔,9.2,美国,动作,https://movie.douban.com/subject/26665408/,https://img3.doubanio.com/view/photo/s_ratio_poster/public/p2401288743.jpg
梦之帝国：星球大战三部曲的故事,9.1,美国,动作,https://movie.douban.com/subject/3429411/,https://img1.doubanio.com/view/photo/s_ratio_poster/public/p2510214607.jpg
蝙蝠侠：黑暗骑士,9.0,美国,动作,https://movie.douban.com/subject/1851857/,https://img3.doubanio.com/view/photo/s_ratio_poster/public/p462657443.jpg
指环王2：双塔奇兵,9.0,美国,动作,https://movie.douban.com/subject/1291572/,https://img3.doubanio.com/view/photo/s_ratio_poster/public/p909265336.jpg
将军号,9.0,美国,动作,https://movie.douban.com/subject/1292778/,https://img3.doubanio.com/view/photo/s_ratio_poster/public/p2248676081.jpg
稻草人,9.0,美国,动作,https://movie.douban.com/subject/1867778/,https://img1.doubanio.com/view/photo/s_ratio_poster/public/p2503556327.jpg
李小龙：勇士的旅程,9.0,美国,动作,https://movie.douban.com/subject/1305710/,https://img3.doubanio.com/view/photo/s_ratio_poster/public/p2267330935.jpg
双X：这个游戏的名称,9.0,美国,动作,https://movie.douban.com/subject/1294819/,https://img3.doubanio.com/lpic/s3932346.jpg
大话西游之大圣娶亲,9.2,香港,动作,https://movie.douban.com/subject/1292213/,https://img3.doubanio.com/view/photo/s_ratio_poster/public/p2455050536.jpg
无间道,9.0,香港,动作,https://movie.douban.com/subject/1307914/,https://img3.doubanio.com/view/photo/s_ratio_poster/public/p2233971046.jpg
上海滩,9.0,香港,动作,https://movie.douban.com/subject/6311260/,https://img3.doubanio.com/view/photo/s_ratio_poster/public/p2344833803.jpg
李小龙：勇士的旅程,9.0,香港,动作,https://movie.douban.com/subject/1305710/,https://img3.doubanio.com/view/photo/s_ratio_poster/public/p2267330935.jpg
新世纪福音战士剧场版：Air/真心为你,9.4,日本,动作,https://movie.douban.com/subject/1308892/,https://img1.doubanio.com/view/photo/s_ratio_poster/public/p2199653749.jpg
银魂完结篇：直到永远的万事屋,9.3,日本,动作,https://movie.douban.com/subject/11615927/,https://img3.doubanio.com/view/photo/s_ratio_poster/public/p2258024316.jpg
七武士,9.2,日本,动作,https://movie.douban.com/subject/1295399/,https://img3.doubanio.com/view/photo/s_ratio_poster/public/p647099823.jpg
福音战士新剧场版：破,9.2,日本,动作,https://movie.douban.com/subject/2567646/,https://img3.doubanio.com/view/photo/s_ratio_poster/public/p1026522114.jpg
新世纪福音战士剧场版：死与新生,9.2,日本,动作,https://movie.douban.com/subject/1455442/,https://img3.doubanio.com/view/photo/s_ratio_poster/public/p2250120322.jpg
切腹,9.2,日本,动作,https://movie.douban.com/subject/1304920/,https://img3.doubanio.com/view/photo/s_ratio_poster/public/p2151748293.jpg
攻壳机动队SAC 2nd GIG：个别的十一人,9.2,日本,动作,https://movie.douban.com/subject/2352020/,https://img3.doubanio.com/view/photo/s_ratio_poster/public/p2497028401.jpg
新世纪福音战士剧场版：复兴,9.2,日本,动作,https://movie.douban.com/subject/20458867/,https://img3.doubanio.com/view/photo/s_ratio_poster/public/p2227584460.jpg
福音战士新剧场版：序,9.1,日本,动作,https://movie.douban.com/subject/1968790/,https://img3.doubanio.com/view/photo/s_ratio_poster/public/p453715063.jpg
银魂剧场版：新译红樱篇,9.1,日本,动作,https://movie.douban.com/subject/4122194/,https://img3.doubanio.com/view/photo/s_ratio_poster/public/p612363092.jpg
攻壳机动队SAC：笑面男,9.1,日本,动作,https://movie.douban.com/subject/2078804/,https://img1.doubanio.com/view/photo/s_ratio_poster/public/p2207164758.jpg
天元突破剧场版：螺岩篇,9.1,日本,动作,https://movie.douban.com/subject/3727748/,https://img3.doubanio.com/view/photo/s_ratio_poster/public/p937216094.jpg
攻壳机动队2：无罪,9.0,日本,动作,https://movie.douban.com/subject/1291566/,https://img1.doubanio.com/view/photo/s_ratio_poster/public/p453466108.jpg
空之境界 第七章 杀人考察（后）,9.0,日本,动作,https://movie.douban.com/subject/3399553/,https://img3.doubanio.com/view/photo/s_ratio_poster/public/p2202703811.jpg
机动战士高达：逆袭的夏亚,9.0,日本,动作,https://movie.douban.com/subject/1401536/,https://img3.doubanio.com/view/photo/s_ratio_poster/public/p546980785.jpg
数码宝贝：滚球兽的诞生,9.0,日本,动作,https://movie.douban.com/subject/1303927/,https://img3.doubanio.com/view/photo/s_ratio_poster/public/p2282582530.jpg
少女与战车 剧场版,9.0,日本,动作,https://movie.douban.com/subject/24460604/,https://img1.doubanio.com/view/photo/s_ratio_poster/public/p2290872319.jpg
海贼王梅利篇：另一名同伴的故事,9.0,日本,动作,https://movie.douban.com/subject/25711544/,https://img3.doubanio.com/view/photo/s_ratio_poster/public/p2107245311.jpg
乱莺,9.0,日本,动作,https://movie.douban.com/subject/26897405/,https://img3.doubanio.com/view/photo/s_ratio_poster/public/p2461995492.jpg
盗梦空间,9.3,英国,动作,https://movie.douban.com/subject/3541415/,https://img3.doubanio.com/view/photo/s_ratio_poster/public/p513344864.jpg
神秘博士：时间冲撞,9.2,英国,动作,https://movie.douban.com/subject/4188543/,https://img3.doubanio.com/view/photo/s_ratio_poster/public/p523688466.jpg
两杆大烟枪,9.1,英国,动作,https://movie.douban.com/subject/1293350/,https://img1.doubanio.com/view/photo/s_ratio_poster/public/p792443418.jpg
蝙蝠侠：黑暗骑士,9.0,英国,动作,https://movie.douban.com/subject/1851857/,https://img3.doubanio.com/view/photo/s_ratio_poster/public/p462657443.jpg
李小龙：勇士的旅程,9.0,英国,动作,https://movie.douban.com/subject/1305710/,https://img3.doubanio.com/view/photo/s_ratio_poster/public/p2267330935.jpg
双X：这个游戏的名称,9.0,英国,动作,https://movie.douban.com/subject/1294819/,https://img3.doubanio.com/lpic/s3932346.jpg
怒海英雄：公爵夫人与恶魔,9.0,英国,动作,https://movie.douban.com/subject/1889695/,https://img3.doubanio.com/view/photo/s_ratio_poster/public/p2278607774.jpg
这个杀手不太冷,9.4,法国,动作,https://movie.douban.com/subject/1295644/,https://img3.doubanio.com/view/photo/s_ratio_poster/public/p511118051.jpg
98世界杯之旅,9.0,法国,动作,https://movie.douban.com/subject/1998756/,https://img1.doubanio.com/lpic/s2159708.jpg
从海底出击,9.0,德国,动作,https://movie.douban.com/subject/1293909/,https://img3.doubanio.com/view/photo/s_ratio_poster/public/p2088879323.jpg
黄金三镖客,9.1,意大利,动作,https://movie.douban.com/subject/1401118/,https://img1.doubanio.com/view/photo/s_ratio_poster/public/p2101693489.jpg
黄金三镖客,9.1,西班牙,动作,https://movie.douban.com/subject/1401118/,https://img1.doubanio.com/view/photo/s_ratio_poster/public/p2101693489.jpg
攀登梅鲁峰,9.1,印度,动作,https://movie.douban.com/subject/26276373/,https://img3.doubanio.com/view/photo/s_ratio_poster/public/p2286660380.jpg
三十二,9.5,大陆,战争,https://movie.douban.com/subject/26236632/,https://img3.doubanio.com/view/photo/s_ratio_poster/public/p2335693756.jpg
群英会,9.5,大陆,战争,https://movie.douban.com/subject/3069861/,https://img1.doubanio.com/view/photo/s_ratio_poster/public/p2347569318.jpg
发现少校,9.3,大陆,战争,https://movie.douban.com/subject/4195641/,https://img3.doubanio.com/view/photo/s_ratio_poster/public/p2191562413.jpg
鬼子来了,9.2,大陆,战争,https://movie.douban.com/subject/1291858/,https://img3.doubanio.com/view/photo/s_ratio_poster/public/p1181775734.jpg
长征组歌,9.1,大陆,战争,https://movie.douban.com/subject/4917844/,https://img1.doubanio.com/lpic/s4418917.jpg
世纪战争,9.0,大陆,战争,https://movie.douban.com/subject/5940710/,https://img3.doubanio.com/view/photo/s_ratio_poster/public/p2113783920.jpg
岁城璃心-鬼蜮咒原,9.0,大陆,战争,https://movie.douban.com/subject/26298852/,https://img3.doubanio.com/view/photo/s_ratio_poster/public/p2243669803.jpg
辛德勒的名单,9.4,美国,战争,https://movie.douban.com/subject/1295124/,https://img3.doubanio.com/view/photo/s_ratio_poster/public/p492406163.jpg
绝对好奇：细胞战场,9.4,美国,战争,https://movie.douban.com/subject/25716052/,https://img3.doubanio.com/view/photo/s_ratio_poster/public/p2220149342.jpg
苦干――中国不可战胜的秘密,9.4,美国,战争,https://movie.douban.com/subject/5342771/,https://img3.doubanio.com/view/photo/s_ratio_poster/public/p2237736686.jpg
乱世佳人,9.2,美国,战争,https://movie.douban.com/subject/1300267/,https://img3.doubanio.com/view/photo/s_ratio_poster/public/p1963126880.jpg
你逃我也逃,9.2,美国,战争,https://movie.douban.com/subject/1303418/,https://img3.doubanio.com/view/photo/s_ratio_poster/public/p1339915772.jpg
努巴之心,9.2,美国,战争,https://movie.douban.com/subject/27053684/,https://img3.doubanio.com/view/photo/s_ratio_poster/public/p2460154820.jpg
蓝与灰,9.2,美国,战争,https://movie.douban.com/subject/1300008/,https://img3.doubanio.com/lpic/s2609825.jpg
指环王3：王者无敌,9.1,美国,战争,https://movie.douban.com/subject/1291552/,https://img3.doubanio.com/view/photo/s_ratio_poster/public/p1910825503.jpg
革命往事,9.1,美国,战争,https://movie.douban.com/subject/1301026/,https://img1.doubanio.com/view/photo/s_ratio_poster/public/p2206010357.jpg
守望先锋：最后的堡垒,9.2,美国,战争,https://movie.douban.com/subject/26860014/,https://img3.doubanio.com/view/photo/s_ratio_poster/public/p2501625602.jpg
光荣的日子,9.1,美国,战争,https://movie.douban.com/subject/3724036/,https://img3.doubanio.com/view/photo/s_ratio_poster/public/p1112469352.jpg
指环王2：双塔奇兵,9.0,美国,战争,https://movie.douban.com/subject/1291572/,https://img3.doubanio.com/view/photo/s_ratio_poster/public/p909265336.jpg
钢琴家,9.0,美国,战争,https://movie.douban.com/subject/1296736/,https://img3.doubanio.com/view/photo/s_ratio_poster/public/p792484461.jpg
将军号,9.0,美国,战争,https://movie.douban.com/subject/1292778/,https://img3.doubanio.com/view/photo/s_ratio_poster/public/p2248676081.jpg
战地摄影师,9.0,美国,战争,https://movie.douban.com/subject/1305552/,https://img3.doubanio.com/view/photo/s_ratio_poster/public/p1770602466.jpg
看不见的战争,9.0,美国,战争,https://movie.douban.com/subject/5423362/,https://img1.doubanio.com/view/photo/s_ratio_poster/public/p2345583927.jpg
纽伦堡的审判,9.0,美国,战争,https://movie.douban.com/subject/1292589/,https://img3.doubanio.com/view/photo/s_ratio_poster/public/p922207281.jpg
巴格达急诊室,9.0,美国,战争,https://movie.douban.com/subject/1880897/,https://img1.doubanio.com/lpic/s2796288.jpg
二战传奇航母企业号,9.0,美国,战争,https://movie.douban.com/subject/5185474/,https://img3.doubanio.com/view/photo/s_ratio_poster/public/p2263134694.jpg
冲天,9.2,台湾,战争,https://movie.douban.com/subject/26602234/,https://img3.doubanio.com/view/photo/s_ratio_poster/public/p2279974285.jpg
孙立人三部曲,9.1,台湾,战争,https://movie.douban.com/subject/2995929/,https://img3.doubanio.com/lpic/s2982884.jpg
三十二,9.5,日本,战争,https://movie.douban.com/subject/26236632/,https://img3.doubanio.com/view/photo/s_ratio_poster/public/p2335693756.jpg
七武士,9.2,日本,战争,https://movie.douban.com/subject/1295399/,https://img3.doubanio.com/view/photo/s_ratio_poster/public/p647099823.jpg
机动战士高达 THE ORIGIN III 破晓的起义,9.2,日本,战争,https://movie.douban.com/subject/26359261/,https://img3.doubanio.com/view/photo/s_ratio_poster/public/p2325456546.jpg
银河英雄传说：我的征途是星辰大海,9.2,日本,战争,https://movie.douban.com/subject/3542206/,https://img3.doubanio.com/view/photo/s_ratio_poster/public/p486657453.jpg
机动战士高达THE ORIGIN V 激战 鲁姆战役篇,9.2,日本,战争,https://movie.douban.com/subject/26919026/,https://img1.doubanio.com/view/photo/s_ratio_poster/public/p2495283318.jpg
卡里古拉,9.3,日本,战争,https://movie.douban.com/subject/26843144/,https://img3.doubanio.com/view/photo/s_ratio_poster/public/p2369252025.jpg
人间的条件(第五、六部),9.1,日本,战争,https://movie.douban.com/subject/1441039/,https://img3.doubanio.com/view/photo/s_ratio_poster/public/p2327866185.jpg
机动战士高达：逆袭的夏亚,9.0,日本,战争,https://movie.douban.com/subject/1401536/,https://img3.doubanio.com/view/photo/s_ratio_poster/public/p546980785.jpg
少女与战车 剧场版,9.0,日本,战争,https://movie.douban.com/subject/24460604/,https://img1.doubanio.com/view/photo/s_ratio_poster/public/p2290872319.jpg
反叛的鲁路修特别篇：零之镇魂曲,9.0,日本,战争,https://movie.douban.com/subject/6514089/,https://img1.doubanio.com/view/photo/s_ratio_poster/public/p2178971509.jpg
机动战士高达 THE ORIGIN IV 命运前夜,9.0,日本,战争,https://movie.douban.com/subject/26359260/,https://img3.doubanio.com/view/photo/s_ratio_poster/public/p2409626594.jpg
三国志：长江的燃烧,9.0,日本,战争,https://movie.douban.com/subject/4176666/,https://img3.doubanio.com/view/photo/s_ratio_poster/public/p2509584225.jpg
1987：黎明到来的那一天,9.5,韩国,战争,https://movie.douban.com/subject/26933690/,https://img3.doubanio.com/view/photo/s_ratio_poster/public/p2504540131.jpg
从纳粹手中救出的孩子们,9.6,英国,战争,https://movie.douban.com/subject/26715377/,https://img1.doubanio.com/view/photo/s_ratio_poster/public/p2323957637.jpg
法国小馆儿归来,9.6,英国,战争,https://movie.douban.com/subject/5194566/,https://img1.doubanio.com/lpic/s4493287.jpg
抢救切尔诺贝利,9.2,英国,战争,https://movie.douban.com/subject/3057368/,https://img3.doubanio.com/view/photo/s_ratio_poster/public/p2257817213.jpg
怒海英雄：回报,9.2,英国,战争,https://movie.douban.com/subject/1889703/,https://img3.doubanio.com/view/photo/s_ratio_poster/public/p2278610124.jpg
战马,9.1,英国,战争,https://movie.douban.com/subject/25768090/,https://img3.doubanio.com/view/photo/s_ratio_poster/public/p2172204665.jpg
怒海英雄：忠诚,9.0,英国,战争,https://movie.douban.com/subject/1889706/,https://img3.doubanio.com/view/photo/s_ratio_poster/public/p2325137626.jpg
怒海英雄：叛乱,9.0,英国,战争,https://movie.douban.com/subject/1889700/,https://img1.doubanio.com/lpic/s1832238.jpg
光荣的日子,9.1,英国,战争,https://movie.douban.com/subject/3724036/,https://img3.doubanio.com/view/photo/s_ratio_poster/public/p1112469352.jpg
钢琴家,9.0,英国,战争,https://movie.douban.com/subject/1296736/,https://img3.doubanio.com/view/photo/s_ratio_poster/public/p792484461.jpg
看不见的战争,9.0,英国,战争,https://movie.douban.com/subject/5423362/,https://img1.doubanio.com/view/photo/s_ratio_poster/public/p2345583927.jpg
雀斑讲解战争艺术,9.0,英国,战争,https://movie.douban.com/subject/26391184/,https://img3.doubanio.com/view/photo/s_ratio_poster/public/p2244366563.jpg
怒海英雄：火攻船,9.0,英国,战争,https://movie.douban.com/subject/1889694/,https://img3.doubanio.com/view/photo/s_ratio_poster/public/p2278610371.jpg
怒海英雄：公爵夫人与恶魔,9.0,英国,战争,https://movie.douban.com/subject/1889695/,https://img3.doubanio.com/view/photo/s_ratio_poster/public/p2278607774.jpg
抢救切尔诺贝利,9.2,法国,战争,https://movie.douban.com/subject/3057368/,https://img3.doubanio.com/view/photo/s_ratio_poster/public/p2257817213.jpg
地下,9.1,法国,战争,https://movie.douban.com/subject/1292206/,https://img3.doubanio.com/view/photo/s_ratio_poster/public/p1833776334.jpg
夜与雾,9.1,法国,战争,https://movie.douban.com/subject/1298270/,https://img1.doubanio.com/view/photo/s_ratio_poster/public/p2392260238.jpg
光荣的日子,9.1,法国,战争,https://movie.douban.com/subject/3724036/,https://img3.doubanio.com/view/photo/s_ratio_poster/public/p1112469352.jpg
钢琴家,9.0,法国,战争,https://movie.douban.com/subject/1296736/,https://img3.doubanio.com/view/photo/s_ratio_poster/public/p792484461.jpg
沉静如海,9.0,法国,战争,https://movie.douban.com/subject/1769507/,https://img3.doubanio.com/view/photo/s_ratio_poster/public/p2365157916.jpg
窃听风暴,9.1,德国,战争,https://movie.douban.com/subject/1900841/,https://img1.doubanio.com/view/photo/s_ratio_poster/public/p1808872109.jpg
地下,9.1,德国,战争,https://movie.douban.com/subject/1292206/,https://img3.doubanio.com/view/photo/s_ratio_poster/public/p1833776334.jpg
钢琴家,9.0,德国,战争,https://movie.douban.com/subject/1296736/,https://img3.doubanio.com/view/photo/s_ratio_poster/public/p792484461.jpg
沉静如海,9.0,德国,战争,https://movie.douban.com/subject/1769507/,https://img3.doubanio.com/view/photo/s_ratio_poster/public/p2365157916.jpg
从海底出击,9.0,德国,战争,https://movie.douban.com/subject/1293909/,https://img3.doubanio.com/view/photo/s_ratio_poster/public/p2088879323.jpg
纽伦堡的审判,9.0,德国,战争,https://movie.douban.com/subject/1292589/,https://img3.doubanio.com/view/photo/s_ratio_poster/public/p922207281.jpg
美丽人生,9.5,意大利,战争,https://movie.douban.com/subject/1292063/,https://img3.doubanio.com/view/photo/s_ratio_poster/public/p510861873.jpg
革命往事,9.1,意大利,战争,https://movie.douban.com/subject/1301026/,https://img1.doubanio.com/view/photo/s_ratio_poster/public/p2206010357.jpg
抢救切尔诺贝利,9.2,俄罗斯,战争,https://movie.douban.com/subject/3057368/,https://img3.doubanio.com/view/photo/s_ratio_poster/public/p2257817213.jpg
战争与和平3：1812年,9.2,俄罗斯,战争,https://movie.douban.com/subject/1303079/,https://img1.doubanio.com/view/photo/s_ratio_poster/public/p2511436818.jpg
战争与和平2：娜塔莎・罗斯托娃,9.1,俄罗斯,战争,https://movie.douban.com/subject/1303712/,https://img1.doubanio.com/view/photo/s_ratio_poster/public/p2511436787.jpg
战争与和平4：皮埃尔・别祖霍夫,9.1,俄罗斯,战争,https://movie.douban.com/subject/1297822/,https://img3.doubanio.com/view/photo/s_ratio_poster/public/p2511436826.jpg
伟大的爱国战争,9.1,俄罗斯,战争,https://movie.douban.com/subject/4101236/,https://img3.doubanio.com/lpic/s4113984.jpg
士兵之歌,9.0,俄罗斯,战争,https://movie.douban.com/subject/1295614/,https://img1.doubanio.com/view/photo/s_ratio_poster/public/p806332287.jpg
战争与和平,9.0,俄罗斯,战争,https://movie.douban.com/subject/1307067/,https://img3.doubanio.com/view/photo/s_ratio_poster/public/p2074409805.jpg
战争与和平1：安德烈・博尔孔斯基,9.0,俄罗斯,战争,https://movie.douban.com/subject/1298257/,https://img3.doubanio.com/view/photo/s_ratio_poster/public/p2511436741.jpg
